skill,lines_before,lines_after,gated_shared_pct_before,gated_shared_pct_after,raw_shared_pct_before,raw_shared_pct_after
skills/advertising/ad-copy-and-hook-lab/SKILL.md,157,121,1.3,0.0,26.5,30.5
skills/advertising/ad-testing-and-scaling/SKILL.md,160,121,1.2,0.0,25.8,30.5
skills/advertising/ad-to-site-journey-handoff/SKILL.md,143,118,1.3,0.0,28.2,31.5
skills/advertising/advertising-attribution-and-measurement/SKILL.md,152,127,2.5,0.0,27.4,30.3
skills/advertising/advertising-strategy-and-budget/SKILL.md,195,127,2.0,0.0,23.4,30.9
skills/advertising/creative-brief-and-big-idea/SKILL.md,158,126,1.3,0.0,25.6,29.6
skills/advertising/direct-response-economics/SKILL.md,157,118,2.5,0.0,26.9,32.2
skills/advertising/media-planning/SKILL.md,169,129,2.2,0.0,24.6,29.7
skills/advertising/paid-search-advertising/SKILL.md,140,118,1.4,0.0,29.2,31.5
skills/ai-marketing/ai-generative-search-optimisation/SKILL.md,178,137,1.8,1.4,21.1,29.0
skills/ai-marketing/ai-readiness-diagnostic/SKILL.md,374,128,7.7,1.5,18.6,29.4
skills/ai-marketing/ai-slop-audit/SKILL.md,224,138,16.8,0.0,28.7,28.0
skills/ai-marketing/ai-use-case-mapping/SKILL.md,373,125,7.6,1.5,16.6,30.0
skills/ai-marketing/anti-ai-slop/SKILL.md,230,162,14.8,1.1,28.2,24.2
skills/ai-marketing/brand-voice-ai-training/SKILL.md,328,115,12.8,1.7,22.5,32.6
skills/business-development/biz-dev-credentials/SKILL.md,251,114,14.5,1.7,26.5,33.0
skills/business-development/biz-dev-lawful-prospecting-outreach/SKILL.md,113,113,3.6,0.0,34.9,33.7
skills/business-development/biz-dev-positioning/SKILL.md,202,123,15.8,1.6,32.3,30.6
skills/business-development/biz-dev-pricing-menu/SKILL.md,290,117,12.8,1.7,23.0,32.3
skills/business-development/biz-dev-proposal/SKILL.md,270,118,14.6,1.6,26.1,31.9
skills/business-development/eac-call-for-applications-campaign/SKILL.md,137,113,30.7,3.6,50.0,34.8
skills/content-writing/blog-writer/SKILL.md,177,126,25.5,1.4,39.5,29.4
skills/content-writing/caption-writer/SKILL.md,278,128,16.5,1.5,26.9,30.4
skills/content-writing/content-ideas/SKILL.md,248,127,14.3,1.5,27.2,29.7
skills/content-writing/direct-response-funnel-copy/SKILL.md,216,127,19.7,1.4,33.0,29.1
skills/content-writing/email-copywriter/SKILL.md,266,118,16.6,0.0,28.1,30.9
skills/content-writing/premium-commercial-writing/SKILL.md,168,132,24.3,0.0,39.0,27.4
skills/content-writing/prompt-engineering-library/SKILL.md,470,134,21.9,0.0,27.1,27.4
skills/language/east-african-english/SKILL.md,275,115,13.9,0.0,23.5,32.2
skills/language/french-native-copy/SKILL.md,108,125,48.1,1.5,61.4,30.3
skills/language/language-standards/SKILL.md,500,125,6.9,0.0,12.3,29.3
skills/language/swahili-native-copy/SKILL.md,108,125,48.1,1.5,61.4,30.3
skills/meta-analytics-ops/measurement-tracking-plan/SKILL.md,110,116,0.0,0.0,29.9,28.2
skills/meta-analytics-ops/meta-algorithm-guide/SKILL.md,443,115,7.0,1.8,23.6,33.3
skills/meta-analytics-ops/meta-budget-planner/SKILL.md,337,119,10.1,1.6,28.1,31.9
skills/meta-analytics-ops/meta-competitor-analysis/SKILL.md,242,113,17.7,1.8,38.0,34.1
skills/meta-analytics-ops/meta-content-audit/SKILL.md,299,116,13.1,1.7,33.5,33.0
skills/meta-analytics-ops/meta-content-repurposing/SKILL.md,360,116,11.0,1.7,26.5,33.0
skills/meta-analytics-ops/meta-reporting/SKILL.md,380,118,11.3,1.7,32.7,32.3
skills/meta-analytics-ops/meta-roi-framework/SKILL.md,394,139,9.9,1.4,27.4,28.4
skills/meta-analytics-ops/meta-sales-marketing-alignment/SKILL.md,250,133,15.1,1.5,34.5,30.1
skills/meta-analytics-ops/meta-social-listening/SKILL.md,424,125,8.9,1.5,23.7,30.6
skills/meta-analytics-ops/meta-social-metrics-framework/SKILL.md,372,132,12.7,0.0,30.7,28.2
skills/meta-analytics-ops/meta-testing-framework/SKILL.md,464,141,8.6,0.0,20.8,26.1
skills/meta-analytics-ops/meta-tools-stack-evaluation/SKILL.md,301,134,11.6,0.0,30.5,28.8
skills/meta-utility/kaizen-improvement-system/SKILL.md,126,122,1.7,0.0,26.9,32.2
skills/meta-utility/skill-safety-audit/SKILL.md,223,161,17.0,1.4,32.7,26.3
skills/meta-utility/skill-writing/SKILL.md,76,77,2.5,2.4,38.4,36.5
skills/pipeline/01-client-brief/SKILL.md,386,114,8.8,3.6,25.9,34.8
skills/pipeline/02-platform-audit/SKILL.md,354,122,8.6,3.3,26.3,32.6
skills/pipeline/03-audience-personas/SKILL.md,353,122,9.5,3.3,28.9,32.6
skills/pipeline/04-brand-voice-intake/SKILL.md,396,116,9.0,1.8,28.7,33.7
skills/pipeline/05-social-media-strategy/SKILL.md,409,138,8.0,2.9,23.8,30.5
skills/pipeline/06-digital-marketing-strategy/SKILL.md,159,129,17.9,2.9,37.7,30.1
skills/pipeline/07-email-marketing-strategy/SKILL.md,446,123,6.5,3.1,19.8,31.6
skills/pipeline/08-influencer-marketing-strategy/SKILL.md,420,124,7.2,3.1,21.7,31.6
skills/pipeline/09-campaign-strategy/SKILL.md,438,122,7.0,3.1,21.8,32.0
skills/pipeline/10-content-pillars/SKILL.md,257,115,17.6,3.6,37.1,34.4
skills/pipeline/11-content-calendar/SKILL.md,278,110,12.9,1.9,31.3,35.3
skills/pipeline/12-website-content-plan/SKILL.md,273,119,14.8,3.3,31.7,33.0
skills/pipeline/13-campaign-brief/SKILL.md,315,140,12.8,2.7,31.2,29.1
skills/platforms/platform-facebook/SKILL.md,142,114,30.3,0.0,45.6,31.9
skills/platforms/platform-google-business-profile/SKILL.md,430,119,8.3,0.0,20.0,30.2
skills/platforms/platform-instagram/SKILL.md,154,113,27.1,1.8,41.9,33.3
skills/platforms/platform-linkedin/SKILL.md,185,118,23.5,3.3,37.2,33.0
skills/platforms/platform-tiktok/SKILL.md,146,111,29.1,1.8,44.4,34.1
skills/platforms/platform-whatsapp/SKILL.md,386,117,10.5,1.6,23.9,31.9
skills/platforms/platform-x-twitter/SKILL.md,392,114,10.5,1.7,24.0,33.0
skills/platforms/platform-youtube/SKILL.md,362,114,12.1,1.7,27.5,33.0
skills/playbooks/playbook-agency-operations/SKILL.md,451,119,10.1,0.0,23.5,30.2
skills/playbooks/playbook-chatbot-strategy/SKILL.md,302,112,16.1,0.0,30.6,32.6
skills/playbooks/playbook-client-retainer-management/SKILL.md,359,115,12.2,0.0,25.1,31.5
skills/playbooks/playbook-community-management/SKILL.md,260,120,18.8,1.6,33.2,30.9
skills/playbooks/playbook-content-production/SKILL.md,348,117,12.2,0.0,24.0,30.9
skills/playbooks/playbook-crisis-communications/SKILL.md,336,120,14.7,1.6,29.3,30.9
skills/playbooks/playbook-daily-operations-routine/SKILL.md,310,122,14.0,0.0,28.9,29.9
skills/playbooks/playbook-marketing-automation/SKILL.md,261,117,17.3,0.0,35.9,30.9
skills/playbooks/playbook-networking/SKILL.md,228,121,19.8,0.0,39.2,31.2
skills/playbooks/playbook-paid-social-advertising/SKILL.md,181,119,1.0,0.0,23.4,31.2
skills/playbooks/playbook-post-click-strategy/SKILL.md,428,127,12.2,0.0,23.6,28.4
skills/playbooks/playbook-pr-publicity/SKILL.md,232,115,20.3,0.0,39.1,31.5
skills/playbooks/playbook-reputation-management/SKILL.md,370,129,12.5,0.0,24.5,28.8
skills/playbooks/playbook-sms-whatsapp-marketing/SKILL.md,336,119,13.7,0.0,29.5,30.5
skills/playbooks/playbook-social-media-policy/SKILL.md,292,117,17.8,0.0,33.8,31.5
skills/playbooks/playbook-social-selling/SKILL.md,494,130,9.1,0.0,22.7,27.9
skills/playbooks/playbook-viral-content-design/SKILL.md,399,118,10.8,0.0,23.9,30.5
skills/policies/policy-ai-content-ethics/SKILL.md,476,136,5.2,0.0,17.0,27.5
skills/sectors/healthcare/SKILL.md,351,124,13.3,1.6,27.1,30.9
skills/sectors/hospitality-hotel-restaurant/SKILL.md,170,112,1.0,1.8,18.6,31.4
skills/seo-discovery/demand-forecasting/SKILL.md,122,125,49.1,0.0,62.9,29.9
skills/seo-discovery/seo-geo-optimisation/SKILL.md,169,117,1.8,1.7,21.3,32.6
skills/strategy/ecommerce-brand-differentiation/SKILL.md,329,131,16.8,0.0,30.6,29.4
skills/strategy/ecommerce-export-marketing-advisory/SKILL.md,162,117,34.2,1.8,51.7,33.3
skills/strategy/marketing-foundations-stp-positioning/SKILL.md,132,114,3.0,0.0,30.7,33.3
skills/strategy/peso-integrated-strategy/SKILL.md,305,129,18.0,0.0,33.5,28.7
skills/strategy/social-commerce-strategy/SKILL.md,392,122,13.0,0.0,27.4,29.9
skills/strategy/strategy-b2b-customer-community/SKILL.md,124,125,3.2,0.0,31.6,30.2
skills/strategy/strategy-channel-architecture/SKILL.md,336,129,19.3,0.0,34.3,29.4
skills/strategy/strategy-creator-monetisation/SKILL.md,300,119,19.1,1.6,32.9,31.9
skills/strategy/strategy-csr-purpose-communications/SKILL.md,230,120,23.9,3.2,41.2,32.6
skills/strategy/strategy-customer-value-journey/SKILL.md,390,129,11.8,3.0,24.7,31.7
skills/strategy/strategy-ewom-reviews/SKILL.md,250,119,23.5,3.3,40.2,33.0
skills/strategy/strategy-experiential-marketing/SKILL.md,254,117,21.2,3.4,36.4,33.7
skills/strategy/strategy-personal-brand/SKILL.md,472,126,11.2,1.5,24.8,29.7
skills/strategy/strategy-video-content/SKILL.md,418,120,15.3,1.6,29.4,31.6
skills/strategy/traction-channel-bullseye/SKILL.md,120,112,3.6,0.0,33.7,34.1
skills/training/training-ai-foundations/SKILL.md,204,118,27.8,0.0,44.4,31.2
skills/training/training-client-team/SKILL.md,459,113,12.9,0.0,25.1,33.0
skills/training/training-smartphone-video-production/SKILL.md,348,113,13.8,0.0,27.3,33.0
skills/training/training-social-media-fundamentals/SKILL.md,435,114,12.1,0.0,25.7,32.6
